{"slope": 2.5346819510198286, "intercept": -1.2273480258477323}