{"slope": 2.6702553594066005, "intercept": -1.77923118497028}