{"slope": 2.501514476580815, "intercept": -1.077226888468017}