{"slope": 2.4792726128683737, "intercept": -0.6545726519044451}