{"slope": 2.3215685535900894, "intercept": -0.12363311614432909}