{"slope": 2.559483051409188, "intercept": -1.4579395334826324}