{"slope": 2.4933136080405203, "intercept": -0.9763092753159489}