{"slope": 2.384278329834198, "intercept": -0.33203154369882115}