{"slope": 2.5593603110598626, "intercept": -1.0054241575470493}