{"slope": 2.546122634935567, "intercept": -1.5262897295976823}