{"slope": 2.4572365133171155, "intercept": -0.3690605214154965}