{"slope": 2.4817666533314027, "intercept": -0.770432811344084}