{"slope": 2.567897856976561, "intercept": -1.3550320108766492}