{"slope": 2.512897853785076, "intercept": -1.0142323374434836}