{"slope": 2.598632415140148, "intercept": -1.3360690755733433}