{"slope": 2.6066844163852454, "intercept": -1.2108877901295754}