{"slope": 2.4414038733099885, "intercept": -0.6121177238333263}