{"slope": 2.45526048396029, "intercept": -0.7288023925729138}