{"slope": 2.623279856902165, "intercept": -1.6752229815669184}