{"slope": 2.495946558449437, "intercept": -0.7102691315664268}