{"slope": 2.4307362381013817, "intercept": -0.3516915718851169}