{"slope": 2.520611547725139, "intercept": -1.0899365956195177}