{"slope": 2.511673777532923, "intercept": -1.0222359313064808}