{"slope": 2.4308093545012466, "intercept": -0.6392260607621689}