{"slope": 2.4846693827271147, "intercept": -0.7453480656659648}