{"slope": 2.4973252717258494, "intercept": -1.2339624894105545}