{"slope": 2.483016126723988, "intercept": -0.8543689083148073}