{"slope": 2.516976069987129, "intercept": -1.016847449002792}