{"slope": 2.4630409125491592, "intercept": -0.6779402217321099}