{"slope": 2.344750324772449, "intercept": -0.5027881701303615}