{"slope": 2.5171219729509553, "intercept": -1.0662712315976501}