{"slope": 2.43058943397269, "intercept": -0.35064850621511745}