{"slope": 2.4211782896481813, "intercept": -0.14710300011687316}