{"slope": 2.5565274591367686, "intercept": -1.495757104698155}