{"slope": 2.4849108734968293, "intercept": -1.358783673675825}