{"slope": 2.538548371760679, "intercept": -1.2581186685207117}