{"slope": 2.509579169374616, "intercept": -0.9352526167667088}