{"slope": 2.4827632308101513, "intercept": -1.0854844070574252}