{"slope": 2.5491565749052594, "intercept": -1.447642064811642}