{"slope": 2.558137816606245, "intercept": -1.4046080328979489}