{"slope": 2.594171382458696, "intercept": -1.202336696717988}