{"slope": 2.4950581366714037, "intercept": -1.107254495331812}