{"slope": 2.4728683645316325, "intercept": -1.0442733161201747}