{"slope": 2.4114973122997663, "intercept": -0.6426526725109907}