{"slope": 2.47182847255493, "intercept": -0.6096041078039446}