{"slope": 2.519402134620377, "intercept": -0.6996340125295671}