{"slope": 2.325569907818569, "intercept": -0.0016133989078685573}