{"slope": 2.4792462440256657, "intercept": -0.8956446411933504}