{"slope": 2.4846960988074605, "intercept": -1.2620089435583546}