{"slope": 2.624632164614787, "intercept": -1.6442588738457524}