{"slope": 2.5299064578608004, "intercept": -1.285504505887474}