{"slope": 2.6364083454748193, "intercept": -1.5851367532383591}